date,short_vol,short_exempt_vol,finra_total_vol
2022-04-26,8455386.0,386756.0,18792525.0
2022-04-27,4508160.0,289147.0,9866419.0
2022-04-28,7935660.0,73227.0,17515449.0
2022-04-29,5419413.0,28198.0,12220988.0
2022-05-02,6360193.0,17499.0,11083770.0
2022-05-03,6047613.0,34850.0,10597410.0
2022-05-04,7740920.0,27796.0,12903127.0
2022-05-05,8216554.0,29132.0,13323070.0
2022-05-06,6100491.0,18079.0,10529774.0
2022-05-09,7296659.0,27666.0,13585511.0
2022-05-10,6094979.0,15250.0,13116372.0
2022-05-11,7310192.0,39622.0,14317096.0
2022-05-12,10425789.0,54519.0,21288453.0
2022-05-13,8675957.0,21541.0,14233710.0
2022-05-16,9497373.0,38487.0,15315753.0
2022-05-17,7526130.0,29266.0,13240214.0
2022-05-18,6898954.0,30618.0,14813093.0
2022-05-19,6224507.0,29480.0,14732710.0
2022-05-20,13493592.0,284562.0,22773472.0
2022-05-23,7857581.0,366408.0,13610214.0
2022-05-24,7726033.0,68803.0,14726539.0
2022-05-25,8274137.0,32094.0,15682662.0
2022-05-26,11129574.0,22806.0,17986111.0
2022-05-27,8917450.0,30635.0,14338748.0
2022-05-31,9520448.0,33386.0,16272404.0
2022-06-01,8184978.0,43589.0,13467988.0
2022-06-02,9367155.0,22797.0,16372164.0
2022-06-03,11056000.0,49899.0,18091022.0
2022-06-06,6685127.0,16808.0,14005527.0
2022-06-07,5538432.0,19405.0,11916722.0
2022-06-08,6140236.0,26488.0,13115800.0
2022-06-09,7957409.0,41931.0,16314637.0
2022-06-10,7807225.0,38365.0,15464087.0
2022-06-13,7963511.0,24931.0,16951655.0
2022-06-14,7475516.0,47109.0,17852016.0
2022-06-15,8392931.0,30017.0,20224395.0
2022-06-16,8012133.0,140911.0,16560403.0
2022-06-17,6184341.0,208742.0,13120773.0
2022-06-21,7427142.0,29161.0,18846870.0
2022-06-22,8191798.0,31673.0,17601479.0
2022-06-23,8333920.0,37128.0,17630324.0
2022-06-24,4496207.0,31517.0,13942743.0
2022-06-27,6639889.0,30507.0,14683456.0
2022-06-28,7438035.0,53936.0,15152481.0
2022-06-29,6915845.0,36451.0,14765539.0
2022-06-30,9814652.0,43886.0,15690299.0
2022-07-01,7382408.0,39584.0,12576160.0
2022-07-05,8586220.0,39028.0,14217082.0
2022-07-06,5740451.0,32931.0,12527910.0
2022-07-07,4693830.0,52981.0,12722407.0
2022-07-08,7323680.0,52448.0,17017856.0
2022-07-11,10116220.0,65837.0,17160147.0
2022-07-12,8184045.0,48140.0,16084536.0
2022-07-13,7883162.0,35739.0,16702092.0
2022-07-14,6993617.0,40393.0,13874128.0
2022-07-15,5210090.0,33979.0,11131558.0
2022-07-18,6974584.0,44638.0,13663582.0
2022-07-19,7870732.0,42986.0,14041991.0
2022-07-20,7119815.0,50464.0,12757505.0
2022-07-21,12182303.0,117057.0,21641143.0
2022-07-22,9900536.0,68635.0,17492058.0
2022-07-25,5852749.0,39336.0,10982312.0
2022-07-26,5745274.0,41921.0,11169234.0
2022-07-27,8503969.0,65700.0,14490143.0
2022-07-28,8548527.0,42511.0,14146678.0
2022-07-29,9436298.0,63490.0,15747780.0
2022-08-01,9928583.0,78745.0,20474189.0
2022-08-02,6616596.0,52033.0,17946987.0
2022-08-03,5843863.0,65662.0,14052152.0
2022-08-04,5982392.0,47524.0,12405153.0
2022-08-05,8102563.0,140836.0,18444237.0
2022-08-08,7351574.0,56204.0,17570685.0
2022-08-09,6879538.0,183006.0,15077750.0
2022-08-10,7661322.0,69185.0,16077139.0
2022-08-11,6131923.0,38199.0,12612909.0
2022-08-12,6352354.0,42070.0,14174110.0
2022-08-15,7923579.0,63655.0,17038134.0
2022-08-16,7943012.0,62572.0,16944508.0
2022-08-17,5470438.0,47550.0,12854223.0
2022-08-18,3995158.0,28699.0,8409846.0
2022-08-19,4501488.0,28246.0,9879597.0
2022-08-22,4470172.0,26131.0,9624772.0
2022-08-23,5571512.0,24940.0,11445093.0
2022-08-24,4361510.0,16690.0,9670858.0
2022-08-25,12938289.0,78963.0,27438823.0
2022-08-26,12265723.0,104329.0,26631667.0
2022-08-29,11508126.0,62194.0,21909094.0
2022-08-30,15767902.0,100891.0,27425112.0
2022-08-31,16296267.0,90142.0,26965359.0
2022-09-01,15300466.0,125295.0,28867905.0
2022-09-02,14730393.0,154669.0,26227914.0
2022-09-06,10227088.0,111405.0,27531450.0
2022-09-07,8754460.0,70469.0,25262958.0
2022-09-08,14005100.0,98673.0,29360633.0
2022-09-09,11322600.0,100662.0,27157332.0
2022-09-12,14328037.0,126908.0,25484591.0
2022-09-13,17156407.0,111654.0,31006826.0
2022-09-14,21422490.0,152026.0,37716975.0
2022-09-15,19176567.0,141174.0,35501478.0
2022-09-16,12328666.0,163660.0,28989754.0
2022-09-19,12993029.0,112595.0,31533127.0
2022-09-20,13532919.0,141401.0,33769558.0
2022-09-21,16127286.0,140839.0,32538460.0
2022-09-22,15050289.0,140118.0,34616168.0
2022-09-23,12012400.0,85277.0,30934103.0
2022-09-26,9731833.0,117657.0,29085265.0
2022-09-27,12162848.0,125201.0,33022398.0
2022-09-28,13581443.0,74137.0,28353621.0
2022-09-29,23496720.0,114296.0,38759394.0
2022-09-30,19005655.0,102024.0,34213676.0
2022-10-03,25361876.0,149894.0,51016494.0
2022-10-04,26207986.0,237709.0,62137349.0
2022-10-05,21714601.0,136331.0,49109828.0
2022-10-06,22377404.0,122642.0,39027685.0
2022-10-07,25003108.0,354851.0,43892464.0
2022-10-10,12795235.0,147890.0,38458321.0
2022-10-11,15913475.0,280406.0,43923011.0
2022-10-12,12361487.0,141313.0,37494844.0
2022-10-13,20222288.0,203000.0,47104259.0
2022-10-14,22173800.0,220652.0,48573942.0
2022-10-17,14308291.0,169496.0,41464261.0
2022-10-18,16965796.0,118831.0,43523394.0
2022-10-19,12067206.0,105874.0,30765922.0
2022-10-20,33142461.0,224245.0,62074459.0
2022-10-21,18091062.0,94536.0,38097554.0
2022-10-24,26639874.0,202575.0,53337407.0
2022-10-25,22471550.0,205964.0,54273271.0
2022-10-26,22943319.0,185509.0,49403734.0
2022-10-27,15814165.0,147264.0,33253604.0
2022-10-28,17599172.0,130539.0,39864387.0
2022-10-31,13891607.0,122399.0,34886482.0
2022-11-01,16581156.0,127585.0,36350285.0
2022-11-02,14372017.0,141089.0,32845823.0
2022-11-03,12681552.0,92299.0,29843707.0
2022-11-04,21598434.0,228742.0,49726878.0
2022-11-07,25152803.0,131857.0,51095261.0
2022-11-08,27823457.0,251644.0,72108011.0
2022-11-09,31464562.0,263311.0,71810428.0
2022-11-10,26691641.0,272362.0,67973655.0
2022-11-11,30202416.0,205652.0,65036496.0
2022-11-14,28608858.0,114066.0,56853631.0
2022-11-15,23218392.0,112095.0,52243337.0
2022-11-16,18566928.0,109532.0,36959598.0
2022-11-17,17194093.0,101529.0,36211370.0
2022-11-18,18945092.0,154587.0,41555772.0
2022-11-21,23132385.0,209938.0,51992368.0
2022-11-22,19044347.0,190083.0,45707475.0
2022-11-23,29909579.0,214535.0,65369306.0
2022-11-25,14145558.0,109113.0,29431235.0
2022-11-28,26173417.0,178954.0,59194447.0
2022-11-29,23039380.0,200359.0,51291747.0
2022-11-30,24357806.0,234206.0,56105228.0
2022-12-01,22483761.0,188107.0,46903357.0
2022-12-02,21344172.0,142127.0,43210543.0
2022-12-05,25810655.0,239320.0,52520969.0
2022-12-06,28939530.0,133629.0,57895880.0
2022-12-07,25160975.0,169187.0,51552692.0
2022-12-08,27378020.0,176658.0,58567037.0
2022-12-09,27225893.0,183842.0,62344311.0
2022-12-12,28578120.0,373087.0,60428068.0
2022-12-13,45474835.0,474759.0,91816644.0
2022-12-14,37203703.0,397649.0,79081907.0
2022-12-15,34077661.0,183027.0,72517465.0
2022-12-16,33897721.0,327880.0,64405180.0
2022-12-19,41744596.0,384894.0,84833267.0
2022-12-20,44598469.0,510621.0,94304509.0
2022-12-21,41606002.0,284262.0,88921141.0
2022-12-22,48151148.0,1193872.0,120171696.0
2022-12-23,40481012.0,1356066.0,94274277.0
2022-12-27,52889123.0,855061.0,117824124.0
2022-12-28,58119440.0,1810418.0,126697296.0
2022-12-29,71067150.0,388782.0,132918727.0
2022-12-30,54100904.0,334771.0,100006625.0
2023-01-03,63869969.0,2185474.0,135022716.0
2023-01-04,54063252.0,1510970.0,106227100.0
2023-01-05,51304204.0,439520.0,96554928.0
2023-01-06,74107440.0,426801.0,131746915.0
2023-01-09,62027925.0,294632.0,119262311.0
2023-01-10,57890724.0,532943.0,105575818.0
2023-01-11,52866017.0,269094.0,111735461.0
2023-01-12,53071657.0,470742.0,102273520.0
2023-01-13,59585631.0,494247.0,110061678.0
2023-01-17,61863126.0,468869.0,116446941.0
2023-01-18,65652608.0,894282.0,124509167.0
2023-01-19,57690596.0,481541.0,115197743.0
2023-01-20,46868521.0,299673.0,89530096.0
2023-01-23,81931099.0,430730.0,137414244.0
2023-01-24,70896973.0,453958.0,108434018.0
2023-01-25,78498826.0,592394.0,115763706.0
2023-01-26,84906178.0,435501.0,138250835.0
2023-01-27,129181785.0,1210893.0,188654016.0
2023-01-30,92475851.0,793673.0,147104859.0
2023-01-31,84815418.0,737793.0,135430779.0
2023-02-01,89952951.0,920345.0,142025566.0
2023-02-02,87243235.0,986333.0,137579275.0
2023-02-03,95914785.0,724928.0,149785957.0
2023-02-06,81342226.0,647422.0,121667650.0
2023-02-07,80539370.0,712968.0,122573343.0
2023-02-08,74314505.0,634523.0,116436098.0
2023-02-09,89371929.0,906068.0,134476152.0
2023-02-10,81709824.0,887790.0,131108633.0
2023-02-13,71785180.0,545166.0,113543532.0
2023-02-14,91085739.0,693513.0,134382411.0
2023-02-15,73722911.0,609795.0,115165830.0
2023-02-16,83790098.0,654329.0,142430067.0
2023-02-17,88913595.0,655156.0,141105464.0
2023-02-21,70060902.0,669500.0,119017314.0
2023-02-22,64704029.0,651648.0,130297787.0
2023-02-23,46623234.0,666418.0,97645041.0
2023-02-24,53694089.0,546515.0,91831323.0
2023-02-27,48753245.0,485207.0,101324156.0
2023-02-28,48745640.0,698624.0,96637652.0
2023-03-01,50026632.0,545191.0,97732876.0
2023-03-02,60256282.0,677498.0,112872570.0
2023-03-03,48786795.0,468681.0,96949598.0
2023-03-06,44954671.0,427436.0,84854606.0
2023-03-07,58404707.0,685098.0,96571338.0
2023-03-08,49225382.0,752449.0,99084374.0
2023-03-09,45941280.0,478061.0,105275819.0
2023-03-10,63465561.0,591302.0,120447693.0
2023-03-13,46278722.0,508170.0,100257942.0
2023-03-14,45690797.0,354107.0,89531537.0
2023-03-15,46897178.0,427234.0,90455334.0
2023-03-16,34807209.0,288950.0,75531700.0
2023-03-17,42775836.0,479825.0,78850001.0
2023-03-20,52910610.0,285175.0,85591716.0
2023-03-21,59858490.0,416638.0,95537337.0
2023-03-22,64117090.0,720408.0,98074739.0
2023-03-23,58259156.0,496171.0,92880586.0
2023-03-24,46651127.0,266306.0,77196093.0
2023-03-27,54479425.0,570566.0,81678042.0
2023-03-28,44095854.0,386348.0,65530878.0
2023-03-29,54682860.0,493700.0,81634974.0
2023-03-30,45178993.0,336936.0,72004484.0
2023-03-31,63006710.0,706938.0,108781182.0
2023-04-03,56142847.0,530529.0,101496456.0
2023-04-04,41325717.0,361671.0,82262655.0
2023-04-05,42698905.0,345895.0,88182765.0
2023-04-06,37719719.0,246837.0,80730164.0
2023-04-10,52997373.0,426614.0,98543181.0
2023-04-11,38695506.0,334049.0,78826491.0
2023-04-12,55572130.0,360489.0,97988586.0
2023-04-13,38714878.0,269461.0,74346075.0
2023-04-14,33110849.0,342458.0,62239454.0
2023-04-17,49506667.0,510466.0,80079877.0
2023-04-18,42001636.0,404357.0,62314975.0
2023-04-19,41712559.0,274414.0,70077413.0
2023-04-20,64869947.0,1036371.0,123151403.0
2023-04-21,38000370.0,1156039.0,75734058.0
2023-04-24,48231188.0,478427.0,93791188.0
2023-04-25,40466844.0,312717.0,83016708.0
2023-04-26,52042270.0,559630.0,99826322.0
2023-04-27,36895376.0,327325.0,80976507.0
2023-04-28,43080437.0,422313.0,81251286.0
2023-05-01,40513671.0,321647.0,77079445.0
2023-05-02,47273152.0,333016.0,88014824.0
2023-05-03,39296933.0,302486.0,80450836.0
2023-05-04,41275445.0,241473.0,63391474.0
2023-05-05,37480961.0,261943.0,65117599.0
2023-05-08,49212803.0,461500.0,75812344.0
2023-05-09,38636848.0,241709.0,58325282.0
2023-05-10,48809990.0,363577.0,76856130.0
2023-05-11,43995931.0,274877.0,65559511.0
2023-05-12,64698628.0,534327.0,101227138.0
2023-05-15,35739001.0,278306.0,71323299.0
2023-05-16,33131846.0,257774.0,64925369.0
2023-05-17,40683454.0,313859.0,78184093.0
2023-05-18,43543345.0,370071.0,65865832.0
2023-05-19,59852282.0,517696.0,89671172.0
2023-05-22,59219990.0,325111.0,87135144.0
2023-05-23,70051715.0,574978.0,106892970.0
2023-05-24,54336528.0,405132.0,93011093.0
2023-05-25,29165933.0,424426.0,60533498.0
2023-05-26,48904155.0,698918.0,102285123.0
2023-05-30,46787612.0,390184.0,80875082.0
2023-05-31,59581123.0,545397.0,91039493.0
2023-06-01,60889162.0,396043.0,96708020.0
2023-06-02,72424619.0,410264.0,110371205.0
2023-06-05,67352047.0,487514.0,101177613.0
2023-06-06,61047999.0,441004.0,95044689.0
2023-06-07,80784564.0,534154.0,121146817.0
2023-06-08,59965959.0,325798.0,97501513.0
2023-06-09,83665604.0,515913.0,125228162.0
2023-06-12,67788470.0,424037.0,101206359.0
2023-06-13,65915619.0,528871.0,103970434.0
2023-06-14,62833301.0,638531.0,109220419.0
2023-06-15,53882056.0,402159.0,101182079.0
2023-06-16,52224448.0,349078.0,102364371.0
2023-06-20,71597654.0,384092.0,108651675.0
2023-06-21,87061640.0,663423.0,136026325.0
2023-06-22,55271477.0,374032.0,102734850.0
2023-06-23,66417641.0,539547.0,114374542.0
2023-06-26,75545571.0,304066.0,120180921.0
2023-06-27,59844294.0,390828.0,112355902.0
2023-06-28,59182590.0,480947.0,110761679.0
2023-06-29,48417192.0,338975.0,92545029.0
2023-06-30,36183662.0,206585.0,72083231.0
2023-07-03,45361288.0,311725.0,76077577.0
2023-07-05,55855987.0,296340.0,87299524.0
2023-07-06,41366802.0,357990.0,78542600.0
2023-07-07,39529799.0,391595.0,75116576.0
2023-07-10,53071474.0,299467.0,81778512.0
2023-07-11,34096550.0,233395.0,62424969.0
2023-07-12,32033889.0,304723.0,61942973.0
2023-07-13,37263432.0,273526.0,72887091.0
2023-07-14,43953420.0,308714.0,77982957.0
2023-07-17,56552901.0,444276.0,86317468.0
2023-07-18,43057099.0,464037.0,71656585.0
2023-07-19,54089884.0,573420.0,85456321.0
2023-07-20,57043938.0,687033.0,105180315.0
2023-07-21,53169322.0,1962252.0,94165654.0
2023-07-24,46393510.0,252328.0,92796904.0
2023-07-25,41930557.0,330173.0,79247169.0
2023-07-26,35971290.0,244867.0,68749048.0
2023-07-27,35745652.0,246933.0,67934729.0
2023-07-28,35269513.0,210591.0,68970567.0
2023-07-31,29442994.0,203869.0,59692388.0
2023-08-01,27476558.0,162591.0,56202678.0
2023-08-02,33005647.0,276765.0,67530733.0
2023-08-03,32799419.0,139175.0,68208504.0
2023-08-04,34758020.0,298523.0,67016840.0
2023-08-07,40292649.0,203895.0,76540713.0
2023-08-08,29816433.0,138215.0,69271219.0
2023-08-09,36278788.0,190382.0,71036188.0
2023-08-10,35129584.0,250354.0,74396664.0
2023-08-11,36040799.0,287112.0,66346408.0
2023-08-14,30299311.0,229915.0,66399946.0
2023-08-15,26857880.0,208894.0,57811486.0
2023-08-16,34254793.0,296295.0,74461023.0
2023-08-17,38206313.0,351516.0,81662234.0
2023-08-18,34768190.0,271166.0,87981237.0
2023-08-21,45702419.0,171363.0,85213334.0
2023-08-22,45323348.0,205965.0,84098009.0
2023-08-23,32840187.0,165942.0,66469361.0
2023-08-24,33942594.0,196438.0,66092757.0
2023-08-25,33423398.0,198381.0,68196191.0
2023-08-28,39620570.0,336143.0,73344918.0
2023-08-29,41247725.0,328324.0,87596321.0
2023-08-30,42758621.0,358938.0,82291287.0
2023-08-31,38388572.0,206325.0,72788583.0
2023-09-01,44501823.0,408733.0,85687610.0
2023-09-05,39316694.0,347564.0,88307423.0
2023-09-06,42401690.0,327565.0,80691062.0
2023-09-07,37794826.0,339142.0,78305460.0
2023-09-08,40999294.0,339873.0,83407487.0
2023-09-11,45028522.0,566407.0,107563256.0
2023-09-12,58664512.0,419608.0,94399930.0
2023-09-13,49196240.0,267359.0,76386981.0
2023-09-14,45725993.0,254623.0,72260232.0
2023-09-15,53505744.0,329207.0,81869072.0
2023-09-18,43531489.0,238467.0,66459500.0
2023-09-19,42296592.0,233134.0,72947799.0
2023-09-20,39425921.0,278307.0,84330719.0
2023-09-21,36023539.0,230854.0,81107421.0
2023-09-22,45514424.0,340622.0,85509770.0
2023-09-25,32488692.0,252484.0,71419685.0
2023-09-26,34736940.0,243776.0,71229361.0
2023-09-27,43184138.0,392506.0,95783614.0
2023-09-28,37845175.0,268422.0,82292659.0
2023-09-29,39904910.0,266574.0,87239066.0
2023-10-02,49318976.0,265353.0,81085104.0
2023-10-03,44089368.0,239015.0,66494909.0
2023-10-04,45211213.0,234201.0,80618612.0
2023-10-05,43931724.0,332109.0,80427184.0
2023-10-06,42761375.0,353738.0,73041544.0
2023-10-09,33679333.0,249566.0,66339892.0
2023-10-10,36034861.0,340068.0,82596972.0
2023-10-11,34624117.0,308487.0,71319128.0
2023-10-12,32155010.0,269611.0,74782861.0
2023-10-13,35093381.0,176362.0,67681251.0
2023-10-16,31387622.0,197215.0,59122551.0
2023-10-17,32961234.0,209098.0,60985674.0
2023-10-18,34741166.0,192329.0,70311120.0
2023-10-19,47879280.0,568917.0,93216320.0
2023-10-20,39346098.0,1723282.0,83560428.0
2023-10-23,44699666.0,258054.0,97640062.0
2023-10-24,35133891.0,202979.0,76004080.0
2023-10-25,31054836.0,216690.0,67699293.0
2023-10-26,29544789.0,223787.0,72241743.0
2023-10-27,27275779.0,115450.0,59813900.0
2023-10-30,39026365.0,245399.0,85951078.0
2023-10-31,31685737.0,249006.0,74813036.0
2023-11-01,39522877.0,260943.0,77205211.0
2023-11-02,33354924.0,280434.0,74883403.0
2023-11-03,39237370.0,243622.0,76031492.0
2023-11-06,41461229.0,204509.0,79984899.0
2023-11-07,39019502.0,238185.0,78997683.0
2023-11-08,35675088.0,203308.0,69916523.0
2023-11-09,49275191.0,253579.0,88956664.0
2023-11-10,38375151.0,309857.0,86926534.0
2023-11-13,36984563.0,283282.0,90570807.0
2023-11-14,45447509.0,290371.0,88690906.0
2023-11-15,57239329.0,400719.0,95241158.0
2023-11-16,46268206.0,341297.0,90308212.0
2023-11-17,45637721.0,316601.0,93239432.0
2023-11-20,50400496.0,310485.0,81125257.0
2023-11-21,48390381.0,271483.0,83802355.0
2023-11-22,43326425.0,244368.0,76981351.0
2023-11-24,20287713.0,139228.0,43462789.0
2023-11-27,41271605.0,227644.0,78130224.0
2023-11-28,45805667.0,297650.0,97228440.0
2023-11-29,50764001.0,351083.0,88890324.0
2023-11-30,46970567.0,279201.0,87010417.0
2023-12-01,36234205.0,256329.0,79061062.0
2023-12-04,42399965.0,241199.0,70813716.0
2023-12-05,54004154.0,321196.0,94198303.0
2023-12-06,50240162.0,273416.0,83875487.0
2023-12-07,46197558.0,248436.0,73502486.0
2023-12-08,43986956.0,257759.0,67996078.0
2023-12-11,40236941.0,219829.0,63952506.0
2023-12-12,31170568.0,200507.0,59644633.0
2023-12-13,46213541.0,309467.0,97241250.0
2023-12-14,41500472.0,359417.0,96571355.0
2023-12-15,43418093.0,258570.0,73926916.0
2023-12-18,43486152.0,239006.0,75796086.0
2023-12-19,44614379.0,185607.0,74127821.0
2023-12-20,46245187.0,308600.0,81771735.0
2023-12-21,48633384.0,215430.0,74343996.0
2023-12-22,41334128.0,236686.0,64440587.0
2023-12-26,33506103.0,154458.0,58883490.0
2023-12-27,44384844.0,199205.0,72449546.0
2023-12-28,42634479.0,330831.0,73993703.0
2023-12-29,38955785.0,177738.0,67402363.0
2024-01-02,45546059.0,133617.0,69162134.0
2024-01-03,45762105.0,214055.0,81075994.0
2024-01-04,34955030.0,130846.0,70212592.0
2024-01-05,32281253.0,174465.0,63995535.0
2024-01-08,31904167.0,99237.0,55452981.0
2024-01-09,42330425.0,166364.0,64406036.0
2024-01-10,41843763.0,208431.0,63156673.0
2024-01-11,40438216.0,197304.0,65610142.0
2024-01-12,49987074.0,192049.0,80794962.0
2024-01-16,34852352.0,106540.0,74960423.0
2024-01-17,31701166.0,171756.0,65810989.0
2024-01-18,34288177.0,204385.0,68478357.0
2024-01-19,28042647.0,188869.0,64272826.0
2024-01-22,35900787.0,232599.0,77469492.0
2024-01-23,30903715.0,231836.0,72465018.0
2024-01-24,32610217.0,150235.0,69923453.0
2024-01-25,48917669.0,2425041.0,107262126.0
2024-01-26,31406087.0,1290917.0,62066453.0
2024-01-29,41846194.0,168262.0,79321731.0
2024-01-30,37745598.0,157038.0,69300518.0
2024-01-31,31046557.0,161480.0,62747376.0
2024-02-01,31773453.0,106904.0,59810292.0
2024-02-02,32399177.0,229663.0,64496560.0
2024-02-05,39303838.0,238476.0,82384021.0
2024-02-06,34478529.0,232665.0,76711895.0
2024-02-07,35588682.0,209969.0,69227057.0
2024-02-08,24790459.0,182985.0,54531926.0
2024-02-09,24645638.0,152093.0,51384989.0
2024-02-12,29526660.0,266117.0,60261278.0
2024-02-13,26351262.0,147659.0,53129237.0
2024-02-14,23099583.0,171289.0,48964057.0
2024-02-15,30998715.0,292193.0,74367403.0
2024-02-16,33015142.0,404702.0,67630519.0
2024-02-20,31698958.0,245669.0,66429023.0
2024-02-21,30922895.0,130099.0,69445911.0
2024-02-22,24985503.0,176071.0,55319499.0
2024-02-23,22449028.0,122746.0,49133993.0
2024-02-26,28977600.0,148951.0,70220501.0
2024-02-27,35500260.0,245850.0,72351998.0
2024-02-28,31234817.0,116248.0,65943948.0
2024-02-29,24196169.0,174321.0,49699787.0
2024-03-01,22826549.0,113254.0,50830473.0
2024-03-04,38289550.0,211693.0,81874870.0
2024-03-05,32927532.0,210945.0,70910522.0
2024-03-06,28848309.0,171836.0,63173664.0
2024-03-07,26022840.0,82829.0,60396748.0
2024-03-08,22084812.0,159514.0,49817965.0
2024-03-11,21594137.0,97304.0,51426399.0
2024-03-12,24130759.0,114823.0,50998708.0
2024-03-13,27750775.0,170958.0,59060778.0
2024-03-14,30807175.0,198029.0,71642699.0
2024-03-15,23887858.0,106471.0,52784366.0
2024-03-18,27259486.0,125001.0,62388266.0
2024-03-19,23525618.0,108296.0,46153364.0
2024-03-20,23145288.0,115798.0,51178450.0
2024-03-21,20430086.0,103905.0,44470842.0
2024-03-22,20091993.0,47568.0,43704634.0
2024-03-25,19834238.0,63673.0,44157340.0
2024-03-26,28077478.0,101829.0,61686339.0
2024-03-27,24190405.0,183984.0,51788979.0
2024-03-28,23026465.0,188005.0,45403287.0
2024-04-01,22721362.0,166158.0,48003583.0
2024-04-02,38975130.0,156178.0,64363807.0
2024-04-03,25294676.0,119834.0,51213179.0
2024-04-04,38515854.0,156888.0,78144683.0
2024-04-05,42326546.0,325318.0,78622703.0
2024-04-08,29952456.0,197481.0,62474493.0
2024-04-09,32101295.0,162364.0,65245896.0
2024-04-10,25261570.0,137710.0,50805966.0
2024-04-11,28274771.0,161889.0,58311572.0
2024-04-12,18486556.0,130399.0,37145867.0
2024-04-15,25571965.0,272576.0,55421441.0
2024-04-16,26041110.0,154742.0,55980160.0
2024-04-17,23680042.0,141221.0,51250896.0
2024-04-18,23357666.0,189197.0,57060297.0
2024-04-19,17398640.0,180721.0,48070074.0
2024-04-22,23487054.0,172856.0,61805557.0
2024-04-23,24246218.0,128444.0,62420894.0
2024-04-24,55320497.0,375562.0,103946158.0
2024-04-25,32877046.0,193160.0,69696544.0
2024-04-26,33581114.0,216557.0,65706708.0
2024-04-29,86623126.0,601678.0,137497533.0
2024-04-30,49548974.0,270911.0,79803478.0
2024-05-01,34931740.0,244138.0,56963588.0
2024-05-02,36578448.0,255359.0,59630058.0
2024-05-03,27451509.0,131286.0,45536376.0
2024-05-06,32946561.0,191655.0,55108412.0
2024-05-07,28396370.0,122901.0,46251015.0
2024-05-08,28267670.0,105694.0,46703422.0
2024-05-09,27039166.0,119474.0,42412117.0
2024-05-10,30425987.0,154755.0,45010199.0
2024-05-13,25395554.0,132624.0,41009235.0
2024-05-14,31971762.0,183049.0,51180331.0
2024-05-15,28721590.0,155520.0,44058478.0
2024-05-16,22547282.0,155458.0,35773897.0
2024-05-17,27772757.0,122411.0,44181737.0
2024-05-20,24130858.0,158498.0,38085873.0
2024-05-21,40517417.0,244837.0,69458485.0
2024-05-22,31507385.0,200723.0,51259915.0
2024-05-23,26252391.0,205891.0,41984002.0
2024-05-24,22808563.0,132795.0,38344503.0
2024-05-28,21758089.0,121256.0,34876340.0
2024-05-29,22002828.0,128820.0,33612657.0
2024-05-30,28707522.0,168432.0,46655133.0
2024-05-31,20303993.0,121366.0,33434226.0
2024-06-03,24046640.0,208475.0,41286247.0
2024-06-04,23032142.0,146142.0,36508410.0
2024-06-05,21053891.0,181319.0,33904491.0
2024-06-06,19663011.0,171696.0,38886414.0
2024-06-07,16837261.0,156321.0,33070744.0
2024-06-10,16882026.0,157548.0,29403007.0
2024-06-11,22169525.0,134390.0,36317190.0
2024-06-12,22995493.0,199069.0,48942023.0
2024-06-13,31291844.0,163746.0,61752475.0
2024-06-14,29707427.0,135906.0,45744030.0
2024-06-17,41275638.0,263612.0,62596729.0
2024-06-18,25827217.0,123866.0,40821402.0
2024-06-20,20123519.0,102199.0,31513574.0
2024-06-21,19924874.0,72508.0,30109886.0
2024-06-24,22019805.0,114585.0,35972503.0
2024-06-25,23270825.0,106175.0,36090231.0
2024-06-26,36405750.0,240329.0,55378624.0
2024-06-27,27257375.0,130179.0,43357077.0
2024-06-28,33211476.0,162711.0,51997168.0
2024-07-01,54295117.0,355011.0,81669561.0
2024-07-02,76797460.0,502328.0,114188922.0
2024-07-03,64479551.0,589181.0,96202280.0
2024-07-05,63286507.0,385764.0,96393975.0
2024-07-08,66252198.0,368986.0,105531009.0
2024-07-09,72448286.0,429656.0,107273648.0
2024-07-10,54590256.0,232535.0,84287970.0
2024-07-11,81108555.0,396298.0,132171903.0
2024-07-12,60095307.0,358649.0,96309800.0
2024-07-15,59492890.0,281185.0,91508303.0
2024-07-16,55253388.0,285824.0,84417678.0
2024-07-17,47352753.0,168214.0,74041806.0
2024-07-18,45703763.0,173298.0,70737729.0
2024-07-19,34245421.0,169088.0,53029069.0
2024-07-22,39996946.0,172036.0,64589923.0
2024-07-23,38658557.0,267864.0,59649090.0
2024-07-24,56986473.0,2832134.0,88109747.0
2024-07-25,31790139.0,1469145.0,55643316.0
2024-07-26,38112350.0,135843.0,61765809.0
2024-07-29,60807544.0,230819.0,89162858.0
2024-07-30,41142031.0,160569.0,64044753.0
2024-07-31,21158838.0,109414.0,37165940.0
2024-08-01,28543791.0,136842.0,46757781.0
2024-08-02,26707002.0,143171.0,43649363.0
2024-08-05,26051001.0,1448706.0,44565587.0
2024-08-06,24353807.0,1451861.0,38773153.0
2024-08-07,25183829.0,105142.0,41340868.0
2024-08-08,22037493.0,62247.0,36895017.0
2024-08-09,21892807.0,59894.0,35859845.0
2024-08-12,22201454.0,114814.0,36754109.0
2024-08-13,28014176.0,136245.0,46060286.0
2024-08-14,24299840.0,141491.0,40948805.0
2024-08-15,29354728.0,199318.0,51886978.0
2024-08-16,34850745.0,203276.0,53425085.0
2024-08-19,23602055.0,190886.0,47097241.0
2024-08-20,25384478.0,201829.0,46373841.0
2024-08-21,22388527.0,145774.0,45366238.0
2024-08-22,26803028.0,218285.0,47689544.0
2024-08-23,21230095.0,176456.0,47520850.0
2024-08-26,23144494.0,151203.0,36166315.0
2024-08-27,23168239.0,124723.0,39925045.0
2024-08-28,21849182.0,142148.0,40575423.0
2024-08-29,16772376.0,120842.0,36835658.0
2024-08-30,21327198.0,122429.0,34947156.0
2024-09-03,25757984.0,208635.0,43163061.0
2024-09-04,28022387.0,218867.0,46641829.0
2024-09-05,45226491.0,225117.0,68906046.0
2024-09-06,36249550.0,190664.0,57214145.0
2024-09-09,20280261.0,116919.0,38739460.0
2024-09-10,22218559.0,118348.0,45468342.0
2024-09-11,24588171.0,202636.0,48323548.0
2024-09-12,22562731.0,230933.0,41607784.0
2024-09-13,19456222.0,142518.0,35098836.0
2024-09-16,15749239.0,110313.0,33319107.0
2024-09-17,17023869.0,130882.0,39234478.0
2024-09-18,20493744.0,176580.0,46353821.0
2024-09-19,23851912.0,199154.0,53936790.0
2024-09-20,21487477.0,162108.0,44232436.0
2024-09-23,28075313.0,156120.0,47448086.0
2024-09-24,29919298.0,169700.0,48405049.0
2024-09-25,24622720.0,113845.0,38070044.0
2024-09-26,20940977.0,121969.0,35389601.0
2024-09-27,23098370.0,185776.0,38427766.0
2024-09-30,22832986.0,174849.0,46970089.0
2024-10-01,23336580.0,181376.0,52284222.0
2024-10-02,25336711.0,153687.0,51773367.0
2024-10-03,22835232.0,157264.0,48009251.0
2024-10-04,22617545.0,181790.0,47822516.0
2024-10-07,23589341.0,132986.0,37417384.0
2024-10-08,19473630.0,126784.0,31976665.0
2024-10-09,23551876.0,148354.0,39073756.0
2024-10-10,31501724.0,131681.0,49077079.0
2024-10-11,37140113.0,2803862.0,63136617.0
2024-10-14,22892813.0,1968054.0,44028531.0
2024-10-15,18852120.0,138383.0,34338872.0
2024-10-16,17559271.0,82313.0,28732407.0
2024-10-17,16087918.0,78390.0,27118192.0
2024-10-18,10134732.0,93209.0,24059442.0
2024-10-21,11764090.0,152068.0,26213550.0
2024-10-22,11069944.0,97379.0,23745280.0
2024-10-23,15188107.0,107399.0,29861749.0
2024-10-24,53130028.0,480867.0,93355606.0
2024-10-25,59084298.0,450530.0,90846392.0
2024-10-28,37311348.0,206660.0,59797746.0
2024-10-29,28630381.0,192780.0,46900163.0
2024-10-30,17078061.0,122567.0,30610553.0
2024-10-31,20167512.0,92751.0,33604906.0
2024-11-01,18219133.0,172356.0,30864010.0
2024-11-04,21757600.0,135874.0,39308190.0
2024-11-05,20308640.0,115046.0,36326117.0
2024-11-06,41170905.0,409002.0,73016268.0
2024-11-07,38805421.0,258074.0,61817585.0
2024-11-08,70593189.0,397802.0,112337751.0
2024-11-11,56832166.0,342968.0,102378083.0
2024-11-12,48008117.0,368018.0,77483898.0
2024-11-13,43897923.0,221368.0,69839939.0
2024-11-14,41525079.0,264397.0,69871059.0
2024-11-15,35811438.0,137642.0,65051629.0
2024-11-18,36314261.0,172128.0,66337977.0
2024-11-19,31377131.0,164810.0,53324464.0
2024-11-20,23276675.0,121253.0,37770853.0
2024-11-21,19545695.0,94199.0,33622853.0
2024-11-22,29951601.0,133012.0,50982912.0
2024-11-25,26743193.0,148883.0,44504718.0
2024-11-26,19184521.0,58376.0,34569715.0
2024-11-27,20114438.0,79144.0,34600469.0
2024-11-29,10295214.0,41662.0,20012179.0
2024-12-02,22771434.0,111480.0,41583954.0
2024-12-03,18584228.0,84367.0,31041779.0
2024-12-04,16510976.0,92368.0,27138360.0
2024-12-05,20466112.0,178654.0,43362764.0
2024-12-06,25920871.0,153791.0,41435009.0
2024-12-09,29697459.0,116373.0,48706984.0
2024-12-10,28541490.0,174588.0,53470829.0
2024-12-11,32306437.0,145133.0,55032457.0
2024-12-12,30328997.0,150034.0,47595045.0
2024-12-13,28901276.0,168389.0,47341966.0
2024-12-16,34657564.0,405458.0,56419717.0
2024-12-17,41134201.0,160739.0,65253941.0
2024-12-18,44447624.0,556920.0,74015960.0
2024-12-19,38045378.0,3352107.0,61164490.0
2024-12-20,26059248.0,138611.0,55692195.0
2024-12-23,15750457.0,68016.0,39317770.0
2024-12-24,16414913.0,177285.0,33119230.0
2024-12-26,23687483.0,146927.0,44330785.0
2024-12-27,26354221.0,160955.0,45832423.0
2024-12-30,17342426.0,70671.0,33877051.0
2024-12-31,22755932.0,140532.0,43624211.0
2025-01-02,24688481.0,258251.0,56087307.0
2025-01-03,20988931.0,81689.0,49942139.0
2025-01-06,23707964.0,130635.0,46270202.0
2025-01-07,17513338.0,99472.0,39963891.0
2025-01-08,15524560.0,65788.0,39549718.0
2025-01-10,18727769.0,73518.0,35040526.0
2025-01-13,16341130.0,72130.0,36518330.0
2025-01-14,26945577.0,124898.0,47912814.0
2025-01-15,12925113.0,100211.0,41292405.0
2025-01-16,19493435.0,69093.0,37031294.0
2025-01-17,12848462.0,119157.0,49661954.0
2025-01-21,20239544.0,116180.0,48241502.0
2025-01-22,14181235.0,75917.0,33229781.0
2025-01-23,12643865.0,50529.0,28060045.0
2025-01-24,14137720.0,70524.0,29756475.0
2025-01-27,9999011.0,77019.0,27621696.0
2025-01-28,9682691.0,45664.0,25241648.0
2025-01-29,12370109.0,61725.0,27526778.0
2025-01-30,31207958.0,189482.0,52885742.0
2025-01-31,22801763.0,130384.0,44358954.0
2025-02-03,19941446.0,88503.0,46371847.0
2025-02-04,14319281.0,67088.0,30794849.0
2025-02-05,15010602.0,60813.0,31052250.0
2025-02-06,13250937.0,100258.0,42937685.0
2025-02-07,20902921.0,82011.0,37345704.0
2025-02-10,12006730.0,124139.0,42142533.0
2025-02-11,19717993.0,265835.0,66550209.0
2025-02-12,16366765.0,77453.0,52875240.0
2025-02-13,20108709.0,55188.0,49875290.0
2025-02-14,20437555.0,102716.0,38624806.0
2025-02-18,11844861.0,62391.0,28100248.0
2025-02-19,16214355.0,84983.0,38289617.0
2025-02-20,9565878.0,60691.0,24966409.0
2025-02-21,18358291.0,129966.0,39764953.0
2025-02-24,16621330.0,86303.0,38649972.0
2025-02-25,24384900.0,726148.0,70985352.0
2025-02-26,20078346.0,2367197.0,52086648.0
2025-02-27,18896070.0,87239.0,55836276.0
2025-02-28,23731734.0,92311.0,59858047.0
2025-03-03,26971576.0,136777.0,65793038.0
2025-03-04,23343089.0,91516.0,67523431.0
2025-03-05,18484212.0,85957.0,53356515.0
2025-03-06,24317189.0,69969.0,53891809.0
2025-03-07,30396853.0,155808.0,55363948.0
2025-03-10,34968371.0,2167857.0,92306935.0
2025-03-11,23450789.0,2806108.0,78841327.0
2025-03-12,27859117.0,93272.0,69420779.0
2025-03-13,30339988.0,131230.0,62059470.0
2025-03-14,31340711.0,110241.0,54875239.0
2025-03-17,29787817.0,128600.0,60016821.0
2025-03-18,24572150.0,60294.0,58300717.0
2025-03-19,24320502.0,71998.0,60857212.0
2025-03-20,24986512.0,48197.0,52719110.0
2025-03-21,32051303.0,72770.0,67002807.0
2025-03-24,45652543.0,98967.0,86254937.0
2025-03-25,41027931.0,144569.0,78208400.0
2025-03-26,42450590.0,231158.0,82326228.0
2025-03-27,45639988.0,130185.0,90288054.0
2025-03-28,34962450.0,112116.0,67894725.0
2025-03-31,34359814.0,104385.0,73643940.0
2025-04-01,40404615.0,153797.0,81540325.0
2025-04-02,59996572.0,96188.0,106120248.0
2025-04-03,38901446.0,141361.0,71840360.0
2025-04-04,32779047.0,2215513.0,83007896.0
2025-04-07,27096657.0,2709682.0,79248872.0
2025-04-08,34548552.0,2913646.0,80784815.0
2025-04-09,31503665.0,139485.0,96692786.0
2025-04-10,37378352.0,1874051.0,87589726.0
2025-04-11,24412998.0,2352718.0,66165566.0
2025-04-14,23151491.0,89227.0,55218731.0
2025-04-15,18084633.0,43486.0,45452137.0
2025-04-16,25168120.0,85635.0,57323348.0
2025-04-17,21104350.0,57419.0,44741223.0
2025-04-21,20928712.0,83183.0,48306928.0
2025-04-22,22992278.0,96666.0,54435844.0
2025-04-23,39214629.0,106380.0,79819919.0
2025-04-24,26700208.0,90854.0,50669932.0
2025-04-25,52781977.0,121506.0,90623393.0
2025-04-28,40708637.0,137865.0,79732362.0
2025-04-29,30873535.0,123522.0,62439821.0
2025-04-30,29726313.0,145744.0,66885935.0
2025-05-01,26530375.0,117271.0,55996467.0
2025-05-02,29274393.0,161176.0,63485288.0
2025-05-05,22642665.0,127059.0,53422169.0
2025-05-06,14830387.0,74024.0,41549929.0
2025-05-07,15992914.0,61433.0,40296498.0
2025-05-08,17945060.0,112415.0,52593467.0
2025-05-09,40186845.0,156843.0,74332858.0
2025-05-12,23707396.0,124109.0,55846020.0
2025-05-13,37582254.0,126533.0,72316002.0
2025-05-14,41268521.0,128026.0,71891841.0
2025-05-15,33383443.0,112852.0,52716994.0
2025-05-16,30989649.0,119036.0,47997691.0
2025-05-19,29304149.0,178377.0,46030480.0
2025-05-20,47925542.0,154603.0,76096291.0
2025-05-21,35293371.0,133731.0,57496886.0
2025-05-22,30850009.0,73912.0,52094868.0
2025-05-23,27603163.0,94184.0,43529543.0
2025-05-27,37151025.0,144727.0,63006939.0
2025-05-28,29558065.0,135610.0,47403350.0
2025-05-29,28640944.0,89173.0,47320216.0
2025-05-30,37707084.0,116539.0,59066300.0
2025-06-02,29168643.0,91255.0,47045744.0
2025-06-03,32063346.0,121089.0,56737646.0
2025-06-04,34141546.0,135591.0,54422481.0
2025-06-05,64376770.0,3978388.0,145206365.0
2025-06-06,37596933.0,4861670.0,74393696.0
2025-06-09,26244911.0,116905.0,71169621.0
2025-06-10,30898588.0,133505.0,83446653.0
2025-06-11,43271007.0,192036.0,66760049.0
2025-06-12,32092929.0,169420.0,62248440.0
2025-06-13,43408659.0,159102.0,75479959.0
2025-06-16,21504853.0,120694.0,46418172.0
2025-06-17,26164856.0,111998.0,50491772.0
2025-06-18,24691453.0,110772.0,56965395.0
2025-06-20,32140349.0,123903.0,57274649.0
2025-06-23,53761240.0,264043.0,100664919.0
2025-06-24,29235151.0,186923.0,62209187.0
2025-06-25,23822121.0,134940.0,66619664.0
2025-06-26,18783887.0,82765.0,46017525.0
2025-06-27,28423678.0,89189.0,49085314.0
2025-06-30,20615228.0,87438.0,41063634.0
2025-07-01,32474071.0,98062.0,71828093.0
2025-07-02,32449340.0,82956.0,60702180.0
2025-07-03,17412582.0,65484.0,33047648.0
2025-07-07,36997109.0,137101.0,66205943.0
2025-07-08,24083889.0,98716.0,61024897.0
2025-07-09,22380931.0,82976.0,45518183.0
2025-07-10,14261384.0,79228.0,30647537.0
2025-07-11,26749673.0,57865.0,45018104.0
2025-07-14,22098426.0,119949.0,44007469.0
2025-07-15,22828297.0,128517.0,43673144.0
2025-07-16,24873338.0,77158.0,54484568.0
2025-07-17,21984678.0,87837.0,42470038.0
2025-07-18,25008697.0,91772.0,51514760.0
2025-07-21,27893595.0,86252.0,44950680.0
2025-07-22,26403475.0,63511.0,45982665.0
2025-07-23,26125353.0,101935.0,43777835.0
2025-07-24,43418532.0,188567.0,77927889.0
2025-07-25,42351677.0,192114.0,84339350.0
2025-07-28,28916363.0,129185.0,63885100.0
2025-07-29,23441891.0,117503.0,52386603.0
2025-07-30,27369187.0,141739.0,50468830.0
2025-07-31,27273357.0,172005.0,48197326.0
2025-08-01,27033274.0,109877.0,50117506.0
2025-08-04,20545826.0,77081.0,46854914.0
2025-08-05,15859119.0,61755.0,34283125.0
2025-08-06,20386834.0,129461.0,43696396.0
2025-08-07,16716859.0,99038.0,38013057.0
2025-08-08,17115080.0,241138.0,50621076.0
2025-08-11,36740990.0,165131.0,59588775.0
2025-08-12,29112144.0,145315.0,48124531.0
2025-08-13,25034592.0,141101.0,40276239.0
2025-08-14,25601351.0,90668.0,41368334.0
2025-08-15,20791983.0,114942.0,40995360.0
2025-08-18,14088955.0,74372.0,33810353.0
2025-08-19,22563137.0,105989.0,45383655.0
2025-08-20,18578459.0,125794.0,45785105.0
2025-08-21,14863986.0,70997.0,33945054.0
2025-08-22,21642262.0,99430.0,50656751.0
2025-08-25,21738723.0,95443.0,51870661.0
2025-08-26,17916553.0,149266.0,42692444.0
2025-08-27,16420480.0,107725.0,37483215.0
2025-08-28,19077279.0,97059.0,39991768.0
2025-08-29,20276965.0,136501.0,43207342.0
2025-09-02,14053928.0,59654.0,32233082.0
2025-09-03,31958983.0,114657.0,51738686.0
2025-09-04,22843186.0,66858.0,35698343.0
2025-09-05,36201534.0,137199.0,57601955.0
2025-09-08,23394456.0,118831.0,42854575.0
2025-09-09,17599723.0,66085.0,30767850.0
2025-09-10,21583245.0,78707.0,39839122.0
2025-09-11,31412705.0,93775.0,53710627.0
2025-09-12,52240187.0,212331.0,86375175.0
2025-09-15,40629887.0,298969.0,81123402.0
2025-09-16,24700866.0,151107.0,54650346.0
2025-09-17,29263505.0,121380.0,60481524.0
2025-09-18,24758921.0,110375.0,47971293.0
2025-09-19,20068739.0,92269.0,41408421.0
2025-09-22,30779969.0,148869.0,52360466.0
2025-09-23,26500123.0,152028.0,46276395.0
2025-09-24,26458659.0,126700.0,51578951.0
2025-09-25,25893895.0,152907.0,48809612.0
2025-09-26,23013716.0,105636.0,51333096.0
2025-09-29,14777945.0,129679.0,42474344.0
2025-09-30,14895315.0,95269.0,39927345.0
2025-10-01,19258333.0,95800.0,52819353.0
2025-10-02,36707036.0,233352.0,67922263.0
2025-10-03,23965807.0,256059.0,72359144.0
2025-10-06,15875501.0,133889.0,43776993.0
2025-10-07,23477162.0,153717.0,55924354.0
2025-10-08,18817257.0,84967.0,39679499.0
2025-10-09,18901184.0,76696.0,39911102.0
2025-10-10,27110993.0,243104.0,56416695.0
2025-10-13,19126644.0,124027.0,43574615.0
2025-10-14,18093637.0,123552.0,41620850.0
2025-10-15,22672282.0,131723.0,43499282.0
2025-10-16,22559137.0,163187.0,46763867.0
2025-10-17,25432715.0,87656.0,49962363.0
2025-10-20,20525253.0,102979.0,37469459.0
2025-10-21,17808825.0,84068.0,31844488.0
2025-10-22,22752411.0,155587.0,42152314.0
2025-10-23,39129530.0,128615.0,68913059.0
2025-10-24,26303644.0,138433.0,50100827.0
2025-10-27,23612798.0,152655.0,53295637.0
2025-10-28,22441343.0,72527.0,45316960.0
2025-10-29,20271549.0,99746.0,38839773.0
2025-10-30,18963840.0,117273.0,37260714.0
2025-10-31,18983150.0,90987.0,43662961.0
2025-11-03,20651761.0,113443.0,46130546.0
2025-11-04,18863908.0,103955.0,44921340.0
2025-11-05,19012252.0,191205.0,47126525.0
2025-11-06,32239327.0,190604.0,58458423.0
2025-11-07,28338857.0,221845.0,54181693.0
2025-11-10,21716123.0,101327.0,42778699.0
2025-11-11,18091251.0,73102.0,35943300.0
2025-11-12,16893791.0,95817.0,33317968.0
2025-11-13,29726095.0,201948.0,63261001.0
2025-11-14,30125867.0,136866.0,56087742.0
2025-11-17,26094213.0,119696.0,58946987.0
2025-11-18,20283271.0,97217.0,46867108.0
2025-11-19,19611479.0,123583.0,43671345.0
2025-11-20,30726780.0,195494.0,62619436.0
2025-11-21,30881275.0,140077.0,55092775.0
2025-11-24,21717994.0,106072.0,48102961.0
2025-11-25,23212600.0,106997.0,43566304.0
2025-11-26,19225464.0,111641.0,37942860.0
2025-11-28,10267899.0,38697.0,20972411.0
2025-12-01,22476111.0,86458.0,34650366.0
2025-12-02,25418751.0,90841.0,40951194.0
2025-12-03,29379620.0,126468.0,45884133.0
2025-12-04,20893917.0,127893.0,40296161.0
2025-12-05,15668654.0,74611.0,31774504.0
2025-12-08,24030592.0,184009.0,37643678.0
2025-12-09,19743597.0,92382.0,36707752.0
2025-12-10,22670090.0,92463.0,36044052.0
2025-12-11,18496643.0,86932.0,32210665.0
2025-12-12,30234036.0,210721.0,54921619.0
2025-12-15,36867376.0,177772.0,59657660.0
2025-12-16,33343698.0,133465.0,60145249.0
2025-12-17,37654904.0,202267.0,59521159.0
2025-12-18,28121249.0,109800.0,50094714.0
2025-12-19,25407375.0,77234.0,45272051.0
2025-12-22,20183515.0,151082.0,48288288.0
2025-12-23,15938196.0,78151.0,34601290.0
2025-12-24,11237203.0,72766.0,25268813.0
2025-12-26,16346054.0,96663.0,34219887.0
2025-12-29,16157042.0,118679.0,37776781.0
2025-12-30,16056024.0,100536.0,37502781.0
2025-12-31,11836516.0,63215.0,28889108.0
2026-01-02,24755940.0,117079.0,44866304.0
2026-01-05,21911063.0,86647.0,36670205.0
2026-01-06,25987317.0,110501.0,45870366.0
2026-01-07,19953385.0,53771.0,33607595.0
2026-01-08,18919406.0,47030.0,32724704.0
2026-01-09,22166307.0,84294.0,37486329.0
2026-01-12,16343833.0,72156.0,35948546.0
2026-01-13,14549029.0,56807.0,32540103.0
2026-01-14,14650394.0,64631.0,31912325.0
2026-01-15,12549936.0,28888.0,28561359.0
2026-01-16,13451610.0,61158.0,30839959.0
2026-01-20,13529406.0,74373.0,30983162.0
2026-01-21,16238018.0,41107.0,36972620.0
2026-01-22,17320049.0,61308.0,38864500.0
2026-01-23,13327469.0,65976.0,30760958.0
2026-01-26,16602697.0,60105.0,27690764.0
2026-01-27,12393414.0,61035.0,22415159.0
2026-01-28,15690556.0,67748.0,26992938.0
2026-01-29,22817662.0,79764.0,42270889.0
2026-01-30,21601168.0,60786.0,41838478.0
2026-02-02,13809049.0,57676.0,29380477.0
2026-02-03,14583197.0,33185.0,31324699.0
2026-02-04,15684225.0,106312.0,38584929.0
2026-02-05,15792641.0,38239.0,38034524.0
2026-02-06,13318311.0,39627.0,29582501.0
2026-02-09,13672850.0,37659.0,28147501.0
2026-02-10,15919240.0,54741.0,30426968.0
2026-02-11,15957195.0,49627.0,31795100.0
2026-02-12,15297212.0,48091.0,30468008.0
2026-02-13,13331100.0,18332.0,27080102.0
2026-02-17,15750682.0,41356.0,32436280.0
2026-02-18,11749521.0,29528.0,24929635.0
2026-02-19,14638522.0,49312.0,29002832.0
2026-02-20,13387015.0,40951.0,29272365.0
2026-02-23,15416695.566274,73543.75,33043707.489164
2026-02-24,10658253.806121,50494.75,28822212.118884
2026-02-25,11945133.286488,44287.5,27518260.206034
2026-02-26,13970610.911358,60378.0,28122318.308796
2026-02-27,12408517.332593,24166.0,27551441.22955
2026-03-02,13284133.26131,47155.5,27771496.373639
2026-03-03,12875510.852212,43523.5,32137109.360352
2026-03-04,15079061.517685,37467.0,30649133.17974
2026-03-05,13112819.668039,34185.0,27228859.135254
2026-03-06,15006916.444284,41968.5,28776751.204959
2026-03-09,14327150.84011,67095.0,32262253.922913
2026-03-10,13906263.429073,59219.0,29980245.239855
2026-03-11,14380018.092427,58236.0,31790837.649991
2026-03-12,14592186.683713,64407.5,31569731.658724
2026-03-13,14277488.559119,65184.25,31747903.500956
2026-03-16,12544064.302782,70704.0,28881908.25068
2026-03-17,11850595.030769,41193.25,25517212.287878
2026-03-18,12161189.511975,37513.75,26705791.391192
2026-03-19,14123364.643897,79756.75,32979596.628775
2026-03-20,14215001.045475,100427.75,36612208.305111
2026-03-23,14080156.503155,38980.25,32239197.493188
2026-03-24,15065619.225925,46222.25,32121664.548376
2026-03-25,13456599.804082,53445.25,29396206.652979
2026-03-26,13446095.730987,59927.0,28769524.471741
2026-03-27,12065953.516217,54806.25,31102517.325423
2026-03-30,12639498.171596,50001.25,32140797.911104
2026-03-31,15184589.921284,63388.0,33090400.70155
2026-04-01,14724532.911197,31602.0,28455129.121433
2026-04-02,18436432.289099,105638.0,38812834.502981
2026-04-06,16411773.457718,104841.5,43103135.555641
2026-04-07,16735989.647183,91268.0,38889624.336974
2026-04-08,18331071.027588,88086.25,41869023.41532
2026-04-09,20673666.94292,62932.5,35295934.42658
2026-04-10,15931717.55829,83627.0,28975057.835976
2026-04-13,17343956.191698,53017.0,30264833.000598
2026-04-14,21174436.4151,63068.0,31551869.415098
2026-04-15,41218047.806073,99915.0,60643498.811486
2026-04-16,23749766.776401,53466.75,35325598.553838
2026-04-17,32284136.163086,105267.0,48257008.11371
2026-04-20,23148439.825615,75442.0,35392655.250593
2026-04-21,18463218.70681,48413.0,29257032.051486
2026-04-22,17541669.122332,43937.0,26771723.38464
2026-04-23,28960498.270789,76581.0,46132925.691554
2026-04-24,17573081.520081,57136.75,28814348.378517
